Image_Name,Predicted_Attributes
image_558.jpg,Attr1
image_556.jpg,Attr1
image_570.jpg,"Attr1,Attr4"
image_561.jpg,Attr1
image_564.jpg,"Attr2,Attr3"
image_569.jpg,Attr1
image_566.jpg,Attr1
image_555.jpg,Attr1
image_56.jpg,
image_562.jpg,Attr1
image_568.jpg,Attr1
image_563.jpg,Attr1
image_567.jpg,Attr1
image_583.jpg,Attr1
image_57.jpg,Attr1
image_58.jpg,Attr1
image_571.jpg,Attr2
image_576.jpg,Attr1
image_553.jpg,Attr1
image_580.jpg,Attr2
image_577.jpg,"Attr1,Attr4"
image_579.jpg,Attr1
image_581.jpg,Attr1
image_565.jpg,Attr1
image_585.jpg,Attr1
image_578.jpg,Attr1
image_572.jpg,"Attr2,Attr3"
image_575.jpg,Attr1
image_59.jpg,Attr1
image_574.jpg,Attr1
image_554.jpg,Attr1
image_551.jpg,Attr1
image_54.jpg,Attr1
image_55.jpg,Attr1
image_559.jpg,Attr1
image_545.jpg,Attr1
image_560.jpg,"Attr2,Attr3"
image_547.jpg,Attr1
image_546.jpg,Attr1
image_543.jpg,Attr1
image_557.jpg,Attr1
image_548.jpg,Attr1
image_552.jpg,Attr1
image_550.jpg,Attr4
image_549.jpg,Attr1
image_573.jpg,Attr1
image_525.jpg,Attr1
image_534.jpg,Attr1
image_527.jpg,Attr2
image_516.jpg,Attr1
image_536.jpg,Attr1
image_541.jpg,Attr1
image_530.jpg,Attr2
image_53.jpg,Attr1
image_538.jpg,Attr1
image_523.jpg,Attr1
image_519.jpg,Attr1
image_528.jpg,Attr1
image_537.jpg,Attr1
image_532.jpg,Attr1
image_539.jpg,Attr1
image_535.jpg,"Attr2,Attr4"
image_540.jpg,Attr1
image_544.jpg,Attr1
image_514.jpg,Attr1
image_533.jpg,
image_522.jpg,"Attr1,Attr4"
image_529.jpg,Attr1
image_531.jpg,Attr1
image_521.jpg,Attr1
image_52.jpg,Attr1
image_513.jpg,Attr1
image_518.jpg,Attr1
image_526.jpg,Attr1
image_520.jpg,Attr1
image_517.jpg,Attr2
image_524.jpg,Attr1
image_509.jpg,Attr1
image_515.jpg,Attr2
image_645.jpg,Attr1
image_643.jpg,Attr2
image_621.jpg,Attr1
image_640.jpg,Attr1
image_632.jpg,Attr1
image_644.jpg,Attr1
image_641.jpg,Attr1
image_625.jpg,Attr1
image_617.jpg,Attr1
image_637.jpg,Attr1
image_651.jpg,Attr1
image_633.jpg,
image_63.jpg,Attr1
image_639.jpg,Attr1
image_627.jpg,Attr1
image_649.jpg,Attr1
image_62.jpg,Attr1
image_65.jpg,Attr1
image_626.jpg,Attr1
image_616.jpg,Attr2
image_652.jpg,Attr1
image_631.jpg,Attr1
image_647.jpg,
image_638.jpg,Attr2
image_64.jpg,Attr1
image_628.jpg,Attr1
image_636.jpg,Attr1
image_622.jpg,Attr1
image_629.jpg,Attr2
image_623.jpg,Attr1
image_642.jpg,Attr2
image_655.jpg,Attr2
image_634.jpg,Attr2
image_630.jpg,Attr1
image_650.jpg,Attr1
image_646.jpg,Attr1
image_653.jpg,Attr1
image_620.jpg,Attr1
image_658.jpg,Attr1
image_654.jpg,Attr1
image_612.jpg,Attr1
image_584.jpg,Attr1
image_599.jpg,Attr2
image_618.jpg,Attr2
image_608.jpg,Attr1
image_619.jpg,Attr1
image_590.jpg,Attr2
image_614.jpg,Attr2
image_615.jpg,Attr1
image_611.jpg,Attr2
image_610.jpg,Attr2
image_613.jpg,Attr2
image_648.jpg,Attr1
image_635.jpg,Attr2
image_606.jpg,
image_602.jpg,Attr2
image_587.jpg,Attr1
image_61.jpg,Attr2
image_593.jpg,"Attr1,Attr4"
image_604.jpg,Attr1
image_605.jpg,Attr2
image_609.jpg,Attr1
image_607.jpg,Attr1
image_600.jpg,Attr1
image_6.jpg,Attr1
image_60.jpg,Attr2
image_589.jpg,Attr1
image_601.jpg,Attr1
image_592.jpg,"Attr2,Attr3"
image_598.jpg,Attr1
image_603.jpg,Attr2
image_596.jpg,Attr1
image_586.jpg,"Attr2,Attr3"
image_594.jpg,Attr2
image_588.jpg,Attr1
image_591.jpg,Attr1
image_597.jpg,Attr1
image_582.jpg,Attr2
image_595.jpg,Attr1
image_73.jpg,Attr1
image_701.jpg,Attr1
image_706.jpg,Attr1
image_725.jpg,Attr1
image_717.jpg,Attr1
image_711.jpg,Attr2
image_70.jpg,Attr2
image_716.jpg,Attr1
image_724.jpg,Attr1
image_707.jpg,Attr1
image_691.jpg,Attr1
image_709.jpg,Attr1
image_704.jpg,Attr2
image_721.jpg,Attr1
image_719.jpg,Attr1
image_72.jpg,Attr1
image_700.jpg,Attr1
image_729.jpg,Attr1
image_7.jpg,Attr1
image_698.jpg,Attr1
image_715.jpg,Attr1
image_708.jpg,Attr1
image_699.jpg,"Attr2,Attr3"
image_714.jpg,Attr1
image_712.jpg,Attr1
image_718.jpg,Attr1
image_702.jpg,Attr1
image_723.jpg,Attr1
image_71.jpg,Attr1
image_720.jpg,Attr1
image_705.jpg,Attr1
image_703.jpg,Attr1
image_713.jpg,Attr1
image_726.jpg,Attr1
image_722.jpg,Attr1
image_728.jpg,Attr2
image_686.jpg,Attr1
image_696.jpg,Attr1
image_697.jpg,Attr1
image_692.jpg,"Attr1,Attr4"
image_685.jpg,Attr1
image_689.jpg,Attr1
image_688.jpg,Attr1
image_695.jpg,Attr2
image_687.jpg,Attr1
image_690.jpg,Attr1
image_693.jpg,Attr1
image_683.jpg,Attr1
image_684.jpg,Attr1
image_682.jpg,Attr1
image_69.jpg,"Attr2,Attr3"
image_710.jpg,Attr1
image_694.jpg,Attr1
image_679.jpg,Attr1
image_68.jpg,Attr2
image_681.jpg,Attr1
image_680.jpg,Attr1
image_660.jpg,Attr1
image_677.jpg,Attr1
image_67.jpg,Attr1
image_667.jpg,
image_657.jpg,"Attr2,Attr3"
image_656.jpg,Attr1
image_663.jpg,
image_670.jpg,Attr1
image_664.jpg,Attr1
image_659.jpg,Attr2
image_662.jpg,Attr1
image_666.jpg,"Attr2,Attr3"
image_66.jpg,Attr1
image_673.jpg,Attr1
image_671.jpg,Attr1
image_675.jpg,Attr1
image_668.jpg,Attr1
image_676.jpg,Attr2
image_678.jpg,Attr1
image_665.jpg,Attr2
image_669.jpg,Attr2
image_672.jpg,Attr1
image_674.jpg,Attr1
image_661.jpg,Attr2
image_799.jpg,Attr1
image_797.jpg,Attr1
image_802.jpg,Attr1
image_789.jpg,Attr1
image_785.jpg,Attr1
image_775.jpg,Attr1
image_79.jpg,Attr1
image_798.jpg,Attr2
image_784.jpg,Attr1
image_788.jpg,Attr1
image_782.jpg,Attr1
image_787.jpg,Attr1
image_8.jpg,Attr1
image_794.jpg,"Attr2,Attr4"
image_786.jpg,Attr2
image_792.jpg,Attr2
image_791.jpg,Attr1
image_783.jpg,Attr1
image_800.jpg,Attr1
image_790.jpg,Attr1
image_776.jpg,Attr1
image_793.jpg,
image_803.jpg,Attr1
image_805.jpg,Attr1
image_773.jpg,Attr1
image_779.jpg,Attr1
image_774.jpg,
image_778.jpg,Attr1
image_771.jpg,Attr1
image_770.jpg,Attr1
image_758.jpg,Attr1
image_780.jpg,Attr1
image_765.jpg,Attr2
image_761.jpg,Attr2
image_78.jpg,Attr1
image_777.jpg,Attr1
image_781.jpg,Attr1
image_772.jpg,Attr1
image_751.jpg,Attr2
image_796.jpg,Attr1
image_795.jpg,
image_762.jpg,Attr1
image_766.jpg,Attr2
image_764.jpg,Attr1
image_767.jpg,Attr1
image_760.jpg,
image_744.jpg,Attr2
image_769.jpg,Attr1
image_768.jpg,Attr1
image_763.jpg,Attr2
image_77.jpg,Attr2
image_759.jpg,Attr1
image_742.jpg,Attr1
image_754.jpg,Attr1
image_757.jpg,Attr1
image_743.jpg,Attr1
image_736.jpg,Attr1
image_755.jpg,Attr1
image_756.jpg,Attr1
image_753.jpg,Attr1
image_76.jpg,Attr1
image_741.jpg,"Attr1,Attr4"
image_746.jpg,Attr1
image_752.jpg,Attr1
image_734.jpg,Attr1
image_739.jpg,Attr2
image_745.jpg,Attr1
image_747.jpg,Attr2
image_75.jpg,Attr1
image_74.jpg,Attr1
image_750.jpg,Attr1
image_748.jpg,Attr1
image_749.jpg,Attr2
image_737.jpg,Attr2
image_735.jpg,Attr1
image_740.jpg,Attr1
image_731.jpg,Attr2
image_738.jpg,"Attr1,Attr2,Attr4"
image_733.jpg,Attr1
image_727.jpg,Attr1
image_732.jpg,Attr2
image_730.jpg,Attr1
image_866.jpg,Attr1
image_865.jpg,"Attr1,Attr4"
image_870.jpg,Attr1
image_880.jpg,Attr1
image_869.jpg,
image_864.jpg,Attr1
image_872.jpg,Attr1
image_878.jpg,Attr4
image_868.jpg,Attr1
image_884.jpg,Attr1
image_857.jpg,Attr1
image_863.jpg,Attr1
image_861.jpg,"Attr2,Attr3"
image_877.jpg,Attr1
image_885.jpg,Attr1
image_883.jpg,Attr1
image_881.jpg,Attr1
image_876.jpg,Attr1
image_846.jpg,Attr2
image_879.jpg,Attr1
image_87.jpg,Attr1
image_874.jpg,Attr1
image_867.jpg,Attr1
image_860.jpg,Attr1
image_858.jpg,Attr1
image_86.jpg,Attr1
image_854.jpg,Attr1
image_84.jpg,Attr1
image_859.jpg,"Attr2,Attr3"
image_856.jpg,Attr1
image_862.jpg,Attr1
image_853.jpg,
image_855.jpg,Attr1
image_873.jpg,Attr1
image_871.jpg,Attr1
image_842.jpg,Attr1
image_848.jpg,Attr1
image_840.jpg,Attr2
image_850.jpg,
image_847.jpg,Attr1
image_843.jpg,Attr1
image_837.jpg,Attr2
image_839.jpg,Attr1
image_85.jpg,Attr1
image_851.jpg,Attr1
image_852.jpg,Attr2
image_849.jpg,
image_845.jpg,Attr1
image_841.jpg,Attr1
image_844.jpg,Attr1
image_832.jpg,Attr1
image_836.jpg,Attr1
image_801.jpg,Attr1
image_83.jpg,Attr2
image_838.jpg,Attr1
image_834.jpg,Attr1
image_831.jpg,
image_835.jpg,
image_833.jpg,
image_824.jpg,Attr1
image_82.jpg,Attr2
image_826.jpg,Attr1
image_818.jpg,Attr1
image_828.jpg,Attr1
image_822.jpg,Attr1
image_823.jpg,Attr1
image_829.jpg,Attr1
image_827.jpg,Attr2
image_820.jpg,Attr2
image_821.jpg,Attr1
image_819.jpg,Attr1
image_825.jpg,Attr1
image_810.jpg,Attr1
image_830.jpg,Attr1
image_815.jpg,Attr1
image_809.jpg,Attr1
image_808.jpg,Attr2
image_807.jpg,Attr1
image_811.jpg,Attr1
image_813.jpg,Attr1
image_814.jpg,Attr1
image_817.jpg,Attr1
image_81.jpg,Attr1
image_812.jpg,Attr1
image_804.jpg,Attr1
image_80.jpg,Attr1
image_806.jpg,Attr1
image_816.jpg,
image_932.jpg,Attr1
image_938.jpg,"Attr2,Attr3"
image_939.jpg,Attr1
image_937.jpg,Attr2
image_935.jpg,Attr1
image_934.jpg,Attr1
image_930.jpg,Attr1
image_947.jpg,Attr1
image_942.jpg,Attr1
image_944.jpg,Attr1
image_931.jpg,Attr1
image_933.jpg,Attr1
image_913.jpg,Attr1
image_921.jpg,Attr2
image_909.jpg,"Attr2,Attr3"
image_941.jpg,Attr1
image_954.jpg,Attr1
image_948.jpg,Attr1
image_914.jpg,
image_918.jpg,Attr2
image_925.jpg,Attr1
image_922.jpg,Attr1
image_92.jpg,Attr1
image_919.jpg,Attr1
image_926.jpg,Attr1
image_912.jpg,Attr1
image_917.jpg,Attr1
image_916.jpg,Attr1
image_940.jpg,Attr1
image_94.jpg,Attr1
image_920.jpg,Attr1
image_923.jpg,Attr2
image_924.jpg,Attr1
image_915.jpg,Attr4
image_929.jpg,Attr1
image_911.jpg,Attr2
image_897.jpg,Attr1
image_905.jpg,Attr2
image_907.jpg,Attr1
image_91.jpg,Attr2
image_910.jpg,Attr1
image_928.jpg,
image_93.jpg,Attr1
image_906.jpg,Attr4
image_899.jpg,
image_904.jpg,
image_902.jpg,Attr1
image_903.jpg,Attr1
image_9.jpg,Attr2
image_895.jpg,Attr2
image_901.jpg,Attr1
image_898.jpg,Attr1
image_908.jpg,Attr1
image_90.jpg,Attr1
image_890.jpg,Attr1
image_900.jpg,Attr1
image_887.jpg,Attr1
image_88.jpg,Attr1
image_891.jpg,Attr2
image_892.jpg,Attr1
image_886.jpg,Attr1
image_889.jpg,"Attr2,Attr3"
image_894.jpg,Attr1
image_89.jpg,Attr1
image_882.jpg,Attr1
image_888.jpg,Attr1
image_896.jpg,Attr1
image_893.jpg,Attr1
image_98.jpg,Attr2
image_97.jpg,Attr2
image_970.jpg,Attr1
image_972.jpg,Attr2
image_971.jpg,Attr2
image_974.jpg,
image_961.jpg,Attr2
image_969.jpg,Attr1
image_96.jpg,"Attr1,Attr4"
image_963.jpg,Attr1
image_964.jpg,Attr1
image_959.jpg,
image_960.jpg,Attr1
image_966.jpg,Attr1
image_968.jpg,Attr1
image_945.jpg,Attr4
image_958.jpg,Attr1
image_946.jpg,Attr1
image_973.jpg,Attr1
image_967.jpg,"Attr1,Attr4"
image_99.jpg,Attr1
image_965.jpg,Attr1
image_962.jpg,Attr1
image_950.jpg,Attr1
image_927.jpg,Attr1
image_936.jpg,Attr2
image_949.jpg,Attr1
image_952.jpg,Attr1
image_957.jpg,Attr1
image_943.jpg,Attr1
image_951.jpg,
image_953.jpg,Attr1
image_95.jpg,Attr1
image_955.jpg,Attr2
image_956.jpg,Attr1
image_193.jpg,Attr1
image_501.jpg,Attr2
image_211.jpg,Attr1
image_15.jpg,Attr2
image_383.jpg,Attr1
image_264.jpg,Attr2
image_227.jpg,Attr1
image_114.jpg,Attr1
image_306.jpg,Attr1
image_372.jpg,Attr1
image_428.jpg,Attr1
image_447.jpg,Attr1
image_510.jpg,Attr1
image_391.jpg,Attr1
image_43.jpg,Attr1
image_285.jpg,Attr1
image_474.jpg,Attr1
image_145.jpg,Attr2
image_281.jpg,Attr1
image_411.jpg,Attr2
image_250.jpg,Attr1
image_465.jpg,"Attr2,Attr4"
image_28.jpg,Attr1
image_124.jpg,Attr1
image_126.jpg,Attr1
image_469.jpg,Attr2
image_369.jpg,Attr1
image_275.jpg,"Attr1,Attr4"
image_280.jpg,Attr1
image_150.jpg,Attr1
image_362.jpg,Attr1
image_490.jpg,Attr1
image_231.jpg,Attr2
image_353.jpg,Attr2
image_169.jpg,Attr4
image_203.jpg,Attr1
image_423.jpg,Attr1
image_255.jpg,Attr1
image_171.jpg,Attr1
image_263.jpg,Attr2
image_197.jpg,Attr1
image_436.jpg,Attr1
image_336.jpg,Attr1
image_429.jpg,Attr1
image_242.jpg,"Attr2,Attr3"
image_438.jpg,Attr1
image_23.jpg,Attr2
image_355.jpg,Attr2
image_221.jpg,Attr1
image_214.jpg,Attr1
image_257.jpg,Attr1
image_302.jpg,Attr1
image_486.jpg,Attr1
image_315.jpg,Attr1
image_505.jpg,Attr1
image_287.jpg,Attr2
image_317.jpg,Attr1
image_116.jpg,Attr1
image_189.jpg,Attr1
image_483.jpg,Attr1
image_46.jpg,Attr1
image_363.jpg,Attr1
image_139.jpg,Attr1
image_147.jpg,Attr2
image_412.jpg,"Attr2,Attr3"
image_392.jpg,Attr1
image_235.jpg,
image_201.jpg,Attr1
image_359.jpg,Attr1
image_468.jpg,Attr1
image_374.jpg,Attr1
image_307.jpg,Attr1
image_333.jpg,Attr1
image_385.jpg,Attr1
image_249.jpg,Attr1
image_115.jpg,Attr1
image_400.jpg,Attr2
image_345.jpg,Attr1
image_47.jpg,Attr1
image_220.jpg,
image_349.jpg,Attr1
image_30.jpg,Attr1
image_262.jpg,Attr1
image_397.jpg,Attr2
image_177.jpg,Attr1
image_358.jpg,
image_443.jpg,Attr1
image_112.jpg,Attr2
image_314.jpg,Attr1
image_494.jpg,Attr1
image_478.jpg,Attr1
image_118.jpg,Attr1
image_4.jpg,"Attr2,Attr4"
image_237.jpg,Attr1
image_271.jpg,Attr2
image_137.jpg,Attr1
image_295.jpg,Attr1
image_487.jpg,Attr1
image_135.jpg,Attr1
image_313.jpg,Attr1
image_375.jpg,Attr1
image_300.jpg,Attr1
image_111.jpg,"Attr1,Attr4"
image_316.jpg,Attr1
image_402.jpg,Attr1
image_172.jpg,Attr1
image_180.jpg,Attr1
image_342.jpg,Attr1
image_471.jpg,Attr1
image_40.jpg,Attr1
image_102.jpg,Attr1
image_278.jpg,Attr1
image_425.jpg,Attr1
image_251.jpg,Attr1
image_460.jpg,Attr1
image_500.jpg,Attr1
image_371.jpg,Attr1
image_291.jpg,Attr2
image_343.jpg,Attr1
image_488.jpg,Attr1
image_441.jpg,Attr1
image_357.jpg,Attr1
image_496.jpg,Attr1
image_348.jpg,Attr1
image_192.jpg,Attr2
image_388.jpg,Attr1
image_188.jpg,Attr2
image_458.jpg,Attr2
image_453.jpg,Attr1
image_454.jpg,Attr1
image_168.jpg,Attr2
image_218.jpg,Attr2
image_499.jpg,Attr1
image_11.jpg,Attr1
image_470.jpg,Attr1
image_273.jpg,Attr1
image_148.jpg,Attr1
image_142.jpg,Attr1
image_379.jpg,Attr2
image_475.jpg,Attr1
image_325.jpg,Attr2
image_19.jpg,Attr1
image_151.jpg,Attr1
image_440.jpg,Attr1
image_399.jpg,Attr1
image_146.jpg,Attr1
image_232.jpg,Attr1
image_152.jpg,Attr1
image_432.jpg,Attr1
image_130.jpg,Attr1
image_20.jpg,
image_267.jpg,Attr1
image_122.jpg,Attr2
image_508.jpg,Attr1
image_176.jpg,Attr1
image_384.jpg,Attr1
image_337.jpg,Attr1
image_141.jpg,Attr1
image_32.jpg,Attr1
image_140.jpg,Attr1
image_21.jpg,Attr1
image_50.jpg,Attr1
image_403.jpg,Attr2
image_5.jpg,Attr1
image_373.jpg,Attr1
image_326.jpg,Attr1
image_335.jpg,Attr2
image_455.jpg,Attr1
image_229.jpg,Attr1
image_338.jpg,
image_265.jpg,
image_406.jpg,Attr1
image_472.jpg,Attr1
image_367.jpg,Attr1
image_467.jpg,Attr2
image_202.jpg,Attr1
image_410.jpg,Attr1
image_243.jpg,Attr2
image_198.jpg,Attr1
image_119.jpg,"Attr2,Attr4"
image_34.jpg,Attr1
image_3.jpg,Attr2
image_493.jpg,Attr1
image_394.jpg,Attr1
image_217.jpg,Attr1
image_105.jpg,"Attr1,Attr4"
image_128.jpg,
image_204.jpg,Attr1
image_417.jpg,Attr1
image_462.jpg,Attr1
image_270.jpg,Attr1
image_456.jpg,Attr1
image_162.jpg,Attr1
image_39.jpg,Attr2
image_170.jpg,Attr1
image_51.jpg,Attr1
image_107.jpg,Attr1
image_485.jpg,Attr1
image_430.jpg,Attr1
image_290.jpg,Attr2
image_268.jpg,Attr2
image_507.jpg,Attr1
image_164.jpg,Attr1
image_497.jpg,Attr1
image_413.jpg,Attr1
image_464.jpg,"Attr1,Attr4"
image_318.jpg,Attr1
image_234.jpg,Attr1
image_236.jpg,Attr1
image_157.jpg,Attr1
image_131.jpg,Attr1
image_390.jpg,Attr2
image_155.jpg,Attr1
image_504.jpg,Attr1
image_184.jpg,Attr1
image_205.jpg,Attr1
image_175.jpg,Attr1
image_380.jpg,Attr2
image_409.jpg,Attr1
image_215.jpg,Attr1
image_482.jpg,Attr1
image_422.jpg,Attr1
image_216.jpg,Attr1
image_361.jpg,Attr1
image_45.jpg,Attr2
image_0.jpg,Attr2
image_121.jpg,Attr1
image_389.jpg,Attr1
image_244.jpg,Attr2
image_492.jpg,Attr2
image_226.jpg,Attr1
image_381.jpg,Attr1
image_310.jpg,Attr1
image_138.jpg,Attr2
image_179.jpg,Attr1
image_103.jpg,Attr1
image_38.jpg,Attr1
image_266.jpg,Attr2
image_366.jpg,Attr1
image_322.jpg,Attr1
image_254.jpg,Attr1
image_481.jpg,Attr1
image_24.jpg,Attr1
image_377.jpg,Attr1
image_174.jpg,Attr1
image_247.jpg,Attr1
image_476.jpg,Attr1
image_225.jpg,"Attr2,Attr3"
image_512.jpg,Attr1
image_304.jpg,Attr2
image_347.jpg,Attr1
image_444.jpg,Attr1
image_14.jpg,Attr1
image_311.jpg,Attr1
image_186.jpg,Attr1
image_153.jpg,Attr1
image_324.jpg,Attr1
image_17.jpg,Attr1
image_213.jpg,Attr1
image_230.jpg,Attr1
image_120.jpg,Attr2
image_125.jpg,Attr2
image_279.jpg,Attr1
image_352.jpg,Attr2
image_134.jpg,Attr1
image_166.jpg,Attr1
image_113.jpg,Attr1
image_240.jpg,Attr1
image_26.jpg,Attr4
image_286.jpg,"Attr2,Attr4"
image_418.jpg,Attr1
image_206.jpg,Attr1
image_415.jpg,Attr1
image_288.jpg,Attr1
image_44.jpg,Attr2
image_370.jpg,Attr1
image_143.jpg,Attr2
image_312.jpg,Attr1
image_123.jpg,Attr1
image_16.jpg,Attr1
image_484.jpg,"Attr2,Attr3"
image_354.jpg,Attr1
image_448.jpg,"Attr2,Attr3"
image_386.jpg,Attr2
image_209.jpg,Attr2
image_233.jpg,Attr1
image_132.jpg,Attr1
image_421.jpg,Attr1
image_328.jpg,Attr1
image_183.jpg,Attr1
image_246.jpg,
image_29.jpg,Attr1
image_100.jpg,Attr1
image_13.jpg,Attr1
image_241.jpg,Attr1
image_260.jpg,Attr1
image_344.jpg,Attr2
image_269.jpg,Attr2
image_195.jpg,Attr2
image_223.jpg,Attr1
image_431.jpg,Attr1
image_408.jpg,Attr1
image_178.jpg,Attr2
image_12.jpg,Attr1
image_210.jpg,Attr1
image_498.jpg,Attr1
image_351.jpg,Attr2
image_248.jpg,Attr1
image_327.jpg,Attr1
image_194.jpg,Attr1
image_299.jpg,Attr1
image_330.jpg,Attr1
image_42.jpg,Attr1
image_2.jpg,Attr1
image_405.jpg,Attr1
image_332.jpg,"Attr2,Attr3"
image_239.jpg,Attr1
image_433.jpg,Attr1
image_109.jpg,Attr1
image_360.jpg,Attr1
image_37.jpg,Attr1
image_376.jpg,"Attr2,Attr4"
image_228.jpg,Attr1
image_393.jpg,Attr1
image_395.jpg,Attr1
image_185.jpg,Attr1
image_350.jpg,Attr2
image_420.jpg,Attr2
image_401.jpg,Attr1
image_163.jpg,Attr1
image_277.jpg,Attr1
image_200.jpg,Attr1
image_48.jpg,Attr1
image_199.jpg,Attr1
image_542.jpg,Attr1
image_173.jpg,Attr2
image_196.jpg,Attr1
image_449.jpg,Attr2
image_282.jpg,Attr1
image_479.jpg,Attr1
image_36.jpg,Attr2
image_450.jpg,Attr1
image_308.jpg,Attr1
image_31.jpg,Attr1
image_339.jpg,Attr1
image_18.jpg,Attr1
image_341.jpg,Attr2
image_319.jpg,
image_190.jpg,Attr1
image_35.jpg,Attr1
image_437.jpg,Attr1
image_165.jpg,"Attr1,Attr4"
image_419.jpg,Attr1
image_445.jpg,Attr1
image_382.jpg,Attr1
image_461.jpg,Attr1
image_253.jpg,Attr1
image_181.jpg,Attr2
image_104.jpg,Attr1
image_182.jpg,
image_276.jpg,Attr1
image_321.jpg,Attr1
image_491.jpg,Attr1
image_292.jpg,
image_378.jpg,Attr1
image_463.jpg,Attr1
image_207.jpg,Attr1
image_451.jpg,Attr1
image_446.jpg,Attr2
image_305.jpg,Attr1
image_416.jpg,Attr1
image_160.jpg,Attr1
image_495.jpg,Attr1
image_252.jpg,Attr1
image_331.jpg,Attr1
image_477.jpg,Attr1
image_511.jpg,Attr1
image_387.jpg,Attr1
image_117.jpg,"Attr2,Attr3"
image_1.jpg,"Attr1,Attr4"
image_457.jpg,Attr1
image_259.jpg,"Attr2,Attr4"
image_283.jpg,Attr1
image_224.jpg,Attr2
image_329.jpg,Attr1
image_426.jpg,Attr1
image_294.jpg,Attr1
image_396.jpg,Attr1
image_245.jpg,Attr4
image_106.jpg,Attr1
image_27.jpg,Attr1
image_110.jpg,Attr1
image_22.jpg,Attr1
image_368.jpg,Attr1
image_156.jpg,Attr1
image_284.jpg,Attr1
image_473.jpg,Attr1
image_187.jpg,Attr1
image_129.jpg,Attr2
image_108.jpg,Attr1
image_33.jpg,Attr1
image_506.jpg,Attr1
image_293.jpg,Attr1
image_503.jpg,Attr1
image_466.jpg,Attr1
image_480.jpg,Attr1
image_222.jpg,"Attr2,Attr3"
image_303.jpg,Attr1
image_427.jpg,Attr2
image_452.jpg,Attr1
image_133.jpg,Attr1
image_439.jpg,Attr1
image_159.jpg,Attr1
image_144.jpg,Attr1
image_191.jpg,Attr1
image_502.jpg,Attr1
image_414.jpg,Attr1
image_10.jpg,Attr1
image_256.jpg,"Attr2,Attr3"
image_154.jpg,Attr2
image_407.jpg,Attr1
image_435.jpg,Attr1
image_238.jpg,Attr1
image_212.jpg,Attr1
image_424.jpg,Attr1
image_365.jpg,Attr1
image_49.jpg,Attr1
image_442.jpg,Attr1
image_398.jpg,Attr1
image_25.jpg,Attr1
image_297.jpg,Attr1
image_258.jpg,Attr1
image_323.jpg,
image_41.jpg,Attr1
image_272.jpg,Attr1
image_404.jpg,Attr1
image_298.jpg,Attr1
image_101.jpg,Attr2
image_261.jpg,Attr1
image_274.jpg,Attr1
image_167.jpg,Attr1
image_309.jpg,Attr1
image_127.jpg,Attr1
image_149.jpg,Attr1
image_364.jpg,Attr1
image_434.jpg,Attr1
image_208.jpg,Attr1
image_346.jpg,"Attr1,Attr4"
image_158.jpg,Attr4
image_289.jpg,Attr1
image_340.jpg,
image_459.jpg,
image_356.jpg,Attr1
image_219.jpg,Attr1
image_320.jpg,Attr1
image_161.jpg,Attr1
image_136.jpg,Attr1
image_296.jpg,Attr1
image_301.jpg,Attr1
image_334.jpg,Attr1
